id,name,firstName,
s000001,Antonello,Pierri,
s000002,Antonella,Greco,
s000003,Maria,Sollazzo,
s000004,Rocco,De Filippo,
s000005,Benedetta, Girolamo,
s000006,Giovanni,Bono,
s000007,Antonio,Nuovo,
s000008,Luca,Vecchio,
s000009,Mario,Baldi,
s000010,Giampiero,Cabodi,
s000011,Andrea,Scandal,
s000012,Francesco,Magurno,
s000013,Mariano,Boiano,
s000014,Roberto,De Sanctis,
s000015,Benedetto,Colui,
s000016,Ettore,Enea,
s000017,Achille,Odissea,
s000018,Minerva,Dea,
s000019,Filippo,Gandino,
s000020,Edoardo,Giusto,
s000021,Maurizio,Rebaudengo,
s000022,Renato,Ferrero,
s000023,Renata,Ferrera,
s000024,Angelica,Sansa,
s000025,Paola,Caso,
s000026,Davide,De Giacomini,
s000027,Ius,Burlacu,
s000028,Steve,Jobs,
s000029,Tim,Cook,
s000030,Craig,Federighi,
